,hallmark,CellType,Condition1,Condition2,Statistic,p-value,mean1,mean2,p_adj
0,hallmark_ifna,B,IFNb_MOM1000_2h,IFNb_Ctrl_2h,-8.618520620426624,6.782466748365035e-18,35.18953,41.064995,2.8486360343133147e-15
1,hallmark_ifna,B,IFNb_MOM1000_2h,IFNb_DEU1000_2h,15.14964050308381,7.618217259234772e-52,35.18953,22.680157,3.199651248878604e-49
2,hallmark_ifna,B,IFNb_MOM1000_2h,IFNb_RUX1000_2h,0.3338693907294785,0.7384781183879481,35.18953,35.020214,1.0
3,hallmark_ifna,B,IFNb_MOM1000_2h,IFNb_BAR1000_2h,6.237418164056165,4.448516900921227e-10,35.18953,30.709352,1.8683770983869152e-07
4,hallmark_ifna,B,IFNb_MOM1000_2h,IFNb_BMS1000_2h,2.843486784352151,0.004462285992097456,35.18953,32.00829,1.0
5,hallmark_ifna,B,IFNb_MOM1000_2h,IFNb_ABR1000_2h,0.26519402217614646,0.7908599997078924,35.18953,35.605747,1.0
6,hallmark_ifna,B,IFNb_Ctrl_2h,IFNb_DEU1000_2h,20.38730986132134,2.167406428012775e-92,41.064995,22.680157,9.103106997653656e-90
7,hallmark_ifna,B,IFNb_Ctrl_2h,IFNb_RUX1000_2h,6.666414814857148,2.621277160029215e-11,41.064995,35.020214,1.1009364072122703e-08
8,hallmark_ifna,B,IFNb_Ctrl_2h,IFNb_BAR1000_2h,13.901014134548836,6.245019706728678e-44,41.064995,30.709352,2.622908276826045e-41
9,hallmark_ifna,B,IFNb_Ctrl_2h,IFNb_BMS1000_2h,7.311989593544035,2.632155010598303e-13,41.064995,32.00829,1.1055051044512873e-10
10,hallmark_ifna,B,IFNb_Ctrl_2h,IFNb_ABR1000_2h,7.17478946797217,7.241854125836393e-13,41.064995,35.605747,3.041578732851285e-10
11,hallmark_ifna,B,IFNb_DEU1000_2h,IFNb_RUX1000_2h,-12.043007535681047,2.1111594978468407e-33,22.680157,35.020214,8.86686989095673e-31
12,hallmark_ifna,B,IFNb_DEU1000_2h,IFNb_BAR1000_2h,-10.498754758564582,8.752709751826465e-26,22.680157,30.709352,3.6761380957671155e-23
13,hallmark_ifna,B,IFNb_DEU1000_2h,IFNb_BMS1000_2h,-7.6672819591213175,1.7567930978258995e-14,22.680157,32.00829,7.378531010868778e-12
14,hallmark_ifna,B,IFNb_DEU1000_2h,IFNb_ABR1000_2h,-13.449254000245144,3.10993924258902e-41,22.680157,35.605747,1.3061744818873885e-38
15,hallmark_ifna,B,IFNb_RUX1000_2h,IFNb_BAR1000_2h,4.68654708165244,2.778529229137615e-06,35.020214,30.709352,0.0011669822762377983
16,hallmark_ifna,B,IFNb_RUX1000_2h,IFNb_BMS1000_2h,2.1935011531004927,0.028271291600782733,35.020214,32.00829,1.0
17,hallmark_ifna,B,IFNb_RUX1000_2h,IFNb_ABR1000_2h,-0.18656452544376786,0.8520020829274508,35.020214,35.605747,1.0
18,hallmark_ifna,B,IFNb_BAR1000_2h,IFNb_BMS1000_2h,-1.328352208038005,0.1840617799616482,30.709352,32.00829,1.0
19,hallmark_ifna,B,IFNb_BAR1000_2h,IFNb_ABR1000_2h,-5.306230885480562,1.1191518640432181e-07,30.709352,35.605747,4.700437828981516e-05
20,hallmark_ifna,B,IFNb_BMS1000_2h,IFNb_ABR1000_2h,-2.409307852086685,0.015982809757470975,32.00829,35.605747,1.0
21,hallmark_ifna,CD4T,IFNb_MOM1000_2h,IFNb_Ctrl_2h,-5.213929575192008,1.848816812361229e-07,34.33787,36.010593,7.765030611917163e-05
22,hallmark_ifna,CD4T,IFNb_MOM1000_2h,IFNb_DEU1000_2h,37.1605270912707,2.9640302888207873e-302,34.33787,19.38352,1.2448927213047305e-299
23,hallmark_ifna,CD4T,IFNb_MOM1000_2h,IFNb_RUX1000_2h,-0.9686206770911393,0.3327344828738087,34.33787,34.60678,1.0
24,hallmark_ifna,CD4T,IFNb_MOM1000_2h,IFNb_BAR1000_2h,23.680042300012477,5.790105167754467e-124,34.33787,26.034847,2.4318441704568763e-121
25,hallmark_ifna,CD4T,IFNb_MOM1000_2h,IFNb_BMS1000_2h,9.429167017335734,4.133585061578516e-21,34.33787,28.698973,1.7361057258629766e-18
26,hallmark_ifna,CD4T,IFNb_MOM1000_2h,IFNb_ABR1000_2h,9.418797643050395,4.562828484915509e-21,34.33787,31.115423,1.9163879636645137e-18
27,hallmark_ifna,CD4T,IFNb_Ctrl_2h,IFNb_DEU1000_2h,42.45316549106958,0.0,36.010593,19.38352,0.0
28,hallmark_ifna,CD4T,IFNb_Ctrl_2h,IFNb_RUX1000_2h,2.545816979898984,0.010902233179743308,36.010593,34.60678,1.0
29,hallmark_ifna,CD4T,IFNb_Ctrl_2h,IFNb_BAR1000_2h,29.385550196282928,8.401736022502838e-190,36.010593,26.034847,3.528729129451192e-187
30,hallmark_ifna,CD4T,IFNb_Ctrl_2h,IFNb_BMS1000_2h,11.845637142587501,2.2668890946572112e-32,36.010593,28.698973,9.520934197560288e-30
31,hallmark_ifna,CD4T,IFNb_Ctrl_2h,IFNb_ABR1000_2h,14.519461775890946,9.122368890761109e-48,36.010593,31.115423,3.831394934119666e-45
32,hallmark_ifna,CD4T,IFNb_DEU1000_2h,IFNb_RUX1000_2h,-28.246343650604768,1.5784157126242232e-175,19.38352,34.60678,6.629345993021737e-173
33,hallmark_ifna,CD4T,IFNb_DEU1000_2h,IFNb_BAR1000_2h,-19.256977172223515,1.2337387818734927e-82,19.38352,26.034847,5.181702883868669e-80
34,hallmark_ifna,CD4T,IFNb_DEU1000_2h,IFNb_BMS1000_2h,-15.716443276474516,1.1669322874162805e-55,19.38352,28.698973,4.901115607148378e-53
35,hallmark_ifna,CD4T,IFNb_DEU1000_2h,IFNb_ABR1000_2h,-28.89210407759987,1.5003207459842693e-183,19.38352,31.115423,6.301347133133931e-181
36,hallmark_ifna,CD4T,IFNb_RUX1000_2h,IFNb_BAR1000_2h,18.083947696638415,4.2643032832862665e-73,34.60678,26.034847,1.791007378980232e-70
37,hallmark_ifna,CD4T,IFNb_RUX1000_2h,IFNb_BMS1000_2h,8.601550936853705,7.864598300426082e-18,34.60678,28.698973,3.3031312861789545e-15
38,hallmark_ifna,CD4T,IFNb_RUX1000_2h,IFNb_ABR1000_2h,7.677628947665791,1.6206008817437957e-14,34.60678,31.115423,6.806523703323942e-12
39,hallmark_ifna,CD4T,IFNb_BAR1000_2h,IFNb_BMS1000_2h,-4.919819525249907,8.662404792976177e-07,26.034847,28.698973,0.0003638210013049994
40,hallmark_ifna,CD4T,IFNb_BAR1000_2h,IFNb_ABR1000_2h,-13.479141126738734,2.0750829008237987e-41,26.034847,31.115423,8.715348183459954e-39
41,hallmark_ifna,CD4T,IFNb_BMS1000_2h,IFNb_ABR1000_2h,-3.6409325373273664,0.00027165231706194825,28.698973,31.115423,0.11409397316601827
42,hallmark_ifna,CD8T,IFNb_MOM1000_2h,IFNb_Ctrl_2h,-6.177201383161207,6.524782622059419e-10,30.149286,33.121468,2.740408701264956e-07
43,hallmark_ifna,CD8T,IFNb_MOM1000_2h,IFNb_DEU1000_2h,27.469199050411383,4.0980022044474166e-166,30.149286,14.929309,1.721160925867915e-163
44,hallmark_ifna,CD8T,IFNb_MOM1000_2h,IFNb_RUX1000_2h,-0.6010783563631789,0.5477877983420643,30.149286,31.109148,1.0
45,hallmark_ifna,CD8T,IFNb_MOM1000_2h,IFNb_BAR1000_2h,15.513842083833309,2.796336862068051e-54,30.149286,22.17895,1.1744614820685814e-51
46,hallmark_ifna,CD8T,IFNb_MOM1000_2h,IFNb_BMS1000_2h,3.909188585866856,9.260665067901876e-05,30.149286,26.071629,0.038894793285187884
47,hallmark_ifna,CD8T,IFNb_MOM1000_2h,IFNb_ABR1000_2h,2.337138329862405,0.019431992553654062,30.149286,29.04861,1.0
48,hallmark_ifna,CD8T,IFNb_Ctrl_2h,IFNb_DEU1000_2h,33.00745979192109,6.3483539772877545e-239,33.121468,14.929309,2.666308670460857e-236
49,hallmark_ifna,CD8T,IFNb_Ctrl_2h,IFNb_RUX1000_2h,3.5251049525970153,0.0004233150413685598,33.121468,31.109148,0.17779231737479512
50,hallmark_ifna,CD8T,IFNb_Ctrl_2h,IFNb_BAR1000_2h,21.398105180120602,1.3914909932526174e-101,33.121468,22.17895,5.844262171660993e-99
51,hallmark_ifna,CD8T,IFNb_Ctrl_2h,IFNb_BMS1000_2h,6.289430359360365,3.1863300681552616e-10,33.121468,26.071629,1.33825862862521e-07
52,hallmark_ifna,CD8T,IFNb_Ctrl_2h,IFNb_ABR1000_2h,8.356836215225977,6.442264468134601e-17,33.121468,29.04861,2.7057510766165324e-14
53,hallmark_ifna,CD8T,IFNb_DEU1000_2h,IFNb_RUX1000_2h,-21.163016411604797,2.0938938925956555e-99,14.929309,31.109148,8.794354348901753e-97
54,hallmark_ifna,CD8T,IFNb_DEU1000_2h,IFNb_BAR1000_2h,-16.32659862376318,6.384609575312886e-60,14.929309,22.17895,2.681536021631412e-57
55,hallmark_ifna,CD8T,IFNb_DEU1000_2h,IFNb_BMS1000_2h,-10.68702704637425,1.1706336555323936e-26,14.929309,26.071629,4.916661353236053e-24
56,hallmark_ifna,CD8T,IFNb_DEU1000_2h,IFNb_ABR1000_2h,-25.787304438978047,1.2308643353146044e-146,14.929309,29.04861,5.169630208321339e-144
57,hallmark_ifna,CD8T,IFNb_RUX1000_2h,IFNb_BAR1000_2h,12.19783581482774,3.191951002690435e-34,31.109148,22.17895,1.3406194211299828e-31
58,hallmark_ifna,CD8T,IFNb_RUX1000_2h,IFNb_BMS1000_2h,3.8268387162393522,0.00012979949971931665,31.109148,26.071629,0.054515789882112996
59,hallmark_ifna,CD8T,IFNb_RUX1000_2h,IFNb_ABR1000_2h,2.2895346542361152,0.022048306804284455,31.109148,29.04861,1.0
60,hallmark_ifna,CD8T,IFNb_BAR1000_2h,IFNb_BMS1000_2h,-3.790993349619068,0.00015004597233271848,22.17895,26.071629,0.06301930837974176
61,hallmark_ifna,CD8T,IFNb_BAR1000_2h,IFNb_ABR1000_2h,-13.21788313563824,6.918371195920855e-40,22.17895,29.04861,2.9057159022867594e-37
62,hallmark_ifna,CD8T,IFNb_BMS1000_2h,IFNb_ABR1000_2h,-2.8120481204530474,0.004922713815667167,26.071629,29.04861,1.0
63,hallmark_ifna,Monocyte,IFNb_MOM1000_2h,IFNb_Ctrl_2h,5.13229367511934,2.8623242369098136e-07,68.18896,64.26413,0.00012021761795021216
64,hallmark_ifna,Monocyte,IFNb_MOM1000_2h,IFNb_DEU1000_2h,7.193439554803209,6.317912974443449e-13,68.18896,62.01475,2.6535234492662486e-10
65,hallmark_ifna,Monocyte,IFNb_MOM1000_2h,IFNb_RUX1000_2h,0.33684627638044595,0.7362327860345408,68.18896,68.0453,1.0
66,hallmark_ifna,Monocyte,IFNb_MOM1000_2h,IFNb_BAR1000_2h,13.352687035648616,1.1425207843680624e-40,68.18896,57.736774,4.798587294345862e-38
67,hallmark_ifna,Monocyte,IFNb_MOM1000_2h,IFNb_BMS1000_2h,2.7215870966314117,0.0064969262284592,68.18896,65.20497,1.0
68,hallmark_ifna,Monocyte,IFNb_MOM1000_2h,IFNb_ABR1000_2h,3.2301632296131153,0.001237195620722495,68.18896,65.77638,0.5196221607034479
69,hallmark_ifna,Monocyte,IFNb_Ctrl_2h,IFNb_DEU1000_2h,3.2975662272373745,0.0009752667200743673,64.26413,62.01475,0.4096120224312343
70,hallmark_ifna,Monocyte,IFNb_Ctrl_2h,IFNb_RUX1000_2h,-4.451752597597541,8.517226376966963e-06,64.26413,68.0453,0.0035772350783261245
71,hallmark_ifna,Monocyte,IFNb_Ctrl_2h,IFNb_BAR1000_2h,9.418530373223055,4.574456106871164e-21,64.26413,57.736774,1.9212715648858887e-18
72,hallmark_ifna,Monocyte,IFNb_Ctrl_2h,IFNb_BMS1000_2h,-0.7631165420743731,0.44539389549239483,64.26413,65.20497,1.0
73,hallmark_ifna,Monocyte,IFNb_Ctrl_2h,IFNb_ABR1000_2h,-1.8496400555203116,0.06436544557428005,64.26413,65.77638,1.0
74,hallmark_ifna,Monocyte,IFNb_DEU1000_2h,IFNb_RUX1000_2h,-6.611857329482635,3.795276950645361e-11,62.01475,68.0453,1.594016319271052e-08
75,hallmark_ifna,Monocyte,IFNb_DEU1000_2h,IFNb_BAR1000_2h,4.609577224040572,4.03488640397231e-06,62.01475,57.736774,0.0016946522896683703
76,hallmark_ifna,Monocyte,IFNb_DEU1000_2h,IFNb_BMS1000_2h,-2.9077535447160794,0.0036403510911519176,62.01475,65.20497,1.0
77,hallmark_ifna,Monocyte,IFNb_DEU1000_2h,IFNb_ABR1000_2h,-4.6206381178098965,3.82561561019328e-06,62.01475,65.77638,0.0016067585562811776
78,hallmark_ifna,Monocyte,IFNb_RUX1000_2h,IFNb_BAR1000_2h,12.370507052857652,3.7743120559841905e-35,68.0453,57.736774,1.58521106351336e-32
79,hallmark_ifna,Monocyte,IFNb_RUX1000_2h,IFNb_BMS1000_2h,2.3038732225681993,0.02122976125222253,68.0453,65.20497,1.0
80,hallmark_ifna,Monocyte,IFNb_RUX1000_2h,IFNb_ABR1000_2h,2.6838509297625337,0.007277954921901401,68.0453,65.77638,1.0
81,hallmark_ifna,Monocyte,IFNb_BAR1000_2h,IFNb_BMS1000_2h,-6.905640150393435,4.9977539428100456e-12,57.736774,65.20497,2.099056655980219e-09
82,hallmark_ifna,Monocyte,IFNb_BAR1000_2h,IFNb_ABR1000_2h,-10.672102011709233,1.3748052634895863e-26,57.736774,65.77638,5.7741821066562625e-24
83,hallmark_ifna,Monocyte,IFNb_BMS1000_2h,IFNb_ABR1000_2h,-0.48798944948698103,0.6255573141998239,65.20497,65.77638,1.0
84,hallmark_ifna,DC,IFNb_MOM1000_2h,IFNb_Ctrl_2h,-1.4786269146551525,0.13924005525393413,53.140347,57.003788,1.0
85,hallmark_ifna,DC,IFNb_MOM1000_2h,IFNb_DEU1000_2h,3.111547133654226,0.001861097612444416,53.140347,44.60645,0.7816609972266547
86,hallmark_ifna,DC,IFNb_MOM1000_2h,IFNb_RUX1000_2h,-0.4411309577454304,0.6591181927670776,53.140347,54.228745,1.0
87,hallmark_ifna,DC,IFNb_MOM1000_2h,IFNb_BAR1000_2h,2.104676287800834,0.035319495930936064,53.140347,47.55604,1.0
88,hallmark_ifna,DC,IFNb_MOM1000_2h,IFNb_BMS1000_2h,0.4789019752851781,0.6320083656704438,53.140347,53.051174,1.0
89,hallmark_ifna,DC,IFNb_MOM1000_2h,IFNb_ABR1000_2h,0.8318082827105148,0.4055171679749078,53.140347,51.26829,1.0
90,hallmark_ifna,DC,IFNb_Ctrl_2h,IFNb_DEU1000_2h,4.540932351648925,5.600600133822877e-06,57.003788,44.60645,0.0023522520562056083
91,hallmark_ifna,DC,IFNb_Ctrl_2h,IFNb_RUX1000_2h,0.7505104195349378,0.4529473507445001,57.003788,54.228745,1.0
92,hallmark_ifna,DC,IFNb_Ctrl_2h,IFNb_BAR1000_2h,3.649794392556838,0.00026245029842117423,57.003788,47.55604,0.11022912533689318
93,hallmark_ifna,DC,IFNb_Ctrl_2h,IFNb_BMS1000_2h,1.5415996275832147,0.12317091612180713,57.003788,53.051174,1.0
94,hallmark_ifna,DC,IFNb_Ctrl_2h,IFNb_ABR1000_2h,2.3703591113167466,0.01777081535338026,57.003788,51.26829,1.0
95,hallmark_ifna,DC,IFNb_DEU1000_2h,IFNb_RUX1000_2h,-3.2168453908605668,0.0012960842312927262,44.60645,54.228745,0.544355377142945
96,hallmark_ifna,DC,IFNb_DEU1000_2h,IFNb_BAR1000_2h,-1.3753694670440075,0.16901692994846407,44.60645,47.55604,1.0
97,hallmark_ifna,DC,IFNb_DEU1000_2h,IFNb_BMS1000_2h,-2.2068463815308634,0.02732479344366353,44.60645,53.051174,1.0
98,hallmark_ifna,DC,IFNb_DEU1000_2h,IFNb_ABR1000_2h,-2.4156678795557,0.01570638023546833,44.60645,51.26829,1.0
99,hallmark_ifna,DC,IFNb_RUX1000_2h,IFNb_BAR1000_2h,2.3311009815579173,0.019748035557148554,54.228745,47.55604,1.0
100,hallmark_ifna,DC,IFNb_RUX1000_2h,IFNb_BMS1000_2h,0.7538640622643366,0.4509308519083608,54.228745,53.051174,1.0
101,hallmark_ifna,DC,IFNb_RUX1000_2h,IFNb_ABR1000_2h,1.2178678824801792,0.22327418298219537,54.228745,51.26829,1.0
102,hallmark_ifna,DC,IFNb_BAR1000_2h,IFNb_BMS1000_2h,-1.1448699209100286,0.2522630456692966,47.55604,53.051174,1.0
103,hallmark_ifna,DC,IFNb_BAR1000_2h,IFNb_ABR1000_2h,-1.1634517095464072,0.2446462800009619,47.55604,51.26829,1.0
104,hallmark_ifna,DC,IFNb_BMS1000_2h,IFNb_ABR1000_2h,0.20500154580618396,0.8375709172963108,53.051174,51.26829,1.0
105,hallmark_ifna,Eosinophil,IFNb_MOM1000_2h,IFNb_Ctrl_2h,-0.47409641056069696,0.635431158132207,46.842262,49.554615,1.0
106,hallmark_ifna,Eosinophil,IFNb_MOM1000_2h,IFNb_DEU1000_2h,3.502866499036712,0.00046028009029832706,46.842262,35.518677,0.19331763792529735
107,hallmark_ifna,Eosinophil,IFNb_MOM1000_2h,IFNb_RUX1000_2h,0.01822580398215255,0.9854587174525828,46.842262,47.122124,1.0
108,hallmark_ifna,Eosinophil,IFNb_MOM1000_2h,IFNb_BAR1000_2h,4.297077811419209,1.7306445741970566e-05,46.842262,35.355766,0.007268707211627637
109,hallmark_ifna,Eosinophil,IFNb_MOM1000_2h,IFNb_BMS1000_2h,1.1700487530470864,0.2419813498549468,46.842262,43.53163,1.0
110,hallmark_ifna,Eosinophil,IFNb_MOM1000_2h,IFNb_ABR1000_2h,0.3615443067098218,0.7176925896738027,46.842262,46.50148,1.0
111,hallmark_ifna,Eosinophil,IFNb_Ctrl_2h,IFNb_DEU1000_2h,4.358626240722914,1.3088141713195483e-05,49.554615,35.518677,0.0054970195195421035
112,hallmark_ifna,Eosinophil,IFNb_Ctrl_2h,IFNb_RUX1000_2h,0.47816154156776813,0.6325352328191108,49.554615,47.122124,1.0
113,hallmark_ifna,Eosinophil,IFNb_Ctrl_2h,IFNb_BAR1000_2h,5.970069742171492,2.3715219096606104e-09,49.554615,35.355766,9.960392020574563e-07
114,hallmark_ifna,Eosinophil,IFNb_Ctrl_2h,IFNb_BMS1000_2h,1.7739009842176616,0.0760795299282964,49.554615,43.53163,1.0
115,hallmark_ifna,Eosinophil,IFNb_Ctrl_2h,IFNb_ABR1000_2h,1.1737672429382366,0.2404882680233802,49.554615,46.50148,1.0
116,hallmark_ifna,Eosinophil,IFNb_DEU1000_2h,IFNb_RUX1000_2h,-3.0617215491822702,0.002200680664646237,35.518677,47.122124,0.9242858791514195
117,hallmark_ifna,Eosinophil,IFNb_DEU1000_2h,IFNb_BAR1000_2h,0.19735935605211033,0.8435463332113482,35.518677,35.355766,1.0
118,hallmark_ifna,Eosinophil,IFNb_DEU1000_2h,IFNb_BMS1000_2h,-1.8225827868471334,0.06836660463198067,35.518677,43.53163,1.0
119,hallmark_ifna,Eosinophil,IFNb_DEU1000_2h,IFNb_ABR1000_2h,-3.4626536928384817,0.0005348763378520293,35.518677,46.50148,0.22464806189785233
120,hallmark_ifna,Eosinophil,IFNb_RUX1000_2h,IFNb_BAR1000_2h,3.985518572127102,6.733291017470997e-05,47.122124,35.355766,0.028279822273378188
121,hallmark_ifna,Eosinophil,IFNb_RUX1000_2h,IFNb_BMS1000_2h,1.1463963533309418,0.25163119089777664,47.122124,43.53163,1.0
122,hallmark_ifna,Eosinophil,IFNb_RUX1000_2h,IFNb_ABR1000_2h,0.48132932288451613,0.6302824597593242,47.122124,46.50148,1.0
123,hallmark_ifna,Eosinophil,IFNb_BAR1000_2h,IFNb_BMS1000_2h,-2.0899180254118046,0.03662516407408042,35.355766,43.53163,1.0
124,hallmark_ifna,Eosinophil,IFNb_BAR1000_2h,IFNb_ABR1000_2h,-4.583512522222877,4.572294888227646e-06,35.355766,46.50148,0.0019203638530556114
125,hallmark_ifna,Eosinophil,IFNb_BMS1000_2h,IFNb_ABR1000_2h,-1.024036395732147,0.30581808446629366,43.53163,46.50148,1.0
126,hallmark_ifna,NK,IFNb_MOM1000_2h,IFNb_Ctrl_2h,-5.119615473919275,3.0615926046084447e-07,33.509174,36.753017,0.00012858688939355469
127,hallmark_ifna,NK,IFNb_MOM1000_2h,IFNb_DEU1000_2h,18.421555138156382,8.823177170782795e-76,33.509174,14.995423,3.705734411728774e-73
128,hallmark_ifna,NK,IFNb_MOM1000_2h,IFNb_RUX1000_2h,-0.11485987856697225,0.9085561868234703,33.509174,33.303074,1.0
129,hallmark_ifna,NK,IFNb_MOM1000_2h,IFNb_BAR1000_2h,12.656655271130164,1.0278605261881074e-36,33.509174,23.188705,4.317014209990051e-34
130,hallmark_ifna,NK,IFNb_MOM1000_2h,IFNb_BMS1000_2h,4.061526224992474,4.8752940319273065e-05,33.509174,26.814049,0.020476234934094686
131,hallmark_ifna,NK,IFNb_MOM1000_2h,IFNb_ABR1000_2h,4.131772100757323,3.599772338703648e-05,33.509174,30.27694,0.015119043822555321
132,hallmark_ifna,NK,IFNb_Ctrl_2h,IFNb_DEU1000_2h,21.38227176362238,1.9538320737027407e-101,36.753017,14.995423,8.206094709551511e-99
133,hallmark_ifna,NK,IFNb_Ctrl_2h,IFNb_RUX1000_2h,3.043820370048288,0.002335945732962512,36.753017,33.303074,0.9810972078442551
134,hallmark_ifna,NK,IFNb_Ctrl_2h,IFNb_BAR1000_2h,17.467340508664726,2.5406469935983165e-68,36.753017,23.188705,1.067071737311293e-65
135,hallmark_ifna,NK,IFNb_Ctrl_2h,IFNb_BMS1000_2h,5.88816434845777,3.9050868550566515e-09,36.753017,26.814049,1.6401364791237937e-06
136,hallmark_ifna,NK,IFNb_Ctrl_2h,IFNb_ABR1000_2h,8.754819912187596,2.044296414331899e-18,36.753017,30.27694,8.586044940193976e-16
137,hallmark_ifna,NK,IFNb_DEU1000_2h,IFNb_RUX1000_2h,-13.422325531729928,4.4744840648892247e-41,14.995423,33.303074,1.8792833072534744e-38
138,hallmark_ifna,NK,IFNb_DEU1000_2h,IFNb_BAR1000_2h,-10.921087745797205,9.139461355467143e-28,14.995423,23.188705,3.8385737692962e-25
139,hallmark_ifna,NK,IFNb_DEU1000_2h,IFNb_BMS1000_2h,-7.50371268771811,6.203519726559002e-14,14.995423,26.814049,2.605478285154781e-11
140,hallmark_ifna,NK,IFNb_DEU1000_2h,IFNb_ABR1000_2h,-15.465055130126485,5.972211392549159e-54,14.995423,30.27694,2.5083287848706468e-51
141,hallmark_ifna,NK,IFNb_RUX1000_2h,IFNb_BAR1000_2h,8.788002726748786,1.5224227696590373e-18,33.303074,23.188705,6.394175632567957e-16
142,hallmark_ifna,NK,IFNb_RUX1000_2h,IFNb_BMS1000_2h,3.5133741149079722,0.0004424540163649441,33.303074,26.814049,0.18583068687327653
143,hallmark_ifna,NK,IFNb_RUX1000_2h,IFNb_ABR1000_2h,2.9530096483600716,0.00314692127049649,33.303074,30.27694,1.0
144,hallmark_ifna,NK,IFNb_BAR1000_2h,IFNb_BMS1000_2h,-2.4080505250754243,0.016037961292212355,23.188705,26.814049,1.0
145,hallmark_ifna,NK,IFNb_BAR1000_2h,IFNb_ABR1000_2h,-8.081694364111756,6.387302435289362e-16,23.188705,30.27694,2.6826670228215323e-13
146,hallmark_ifna,NK,IFNb_BMS1000_2h,IFNb_ABR1000_2h,-2.0066925073332813,0.044782414325224944,26.814049,30.27694,1.0
147,hallmark_ifna,Neutrophil,IFNb_MOM1000_2h,IFNb_Ctrl_2h,-17.319877589091906,3.33065490016935e-67,30.593891,38.764145,1.398875058071127e-64
148,hallmark_ifna,Neutrophil,IFNb_MOM1000_2h,IFNb_DEU1000_2h,25.422348178402878,1.4279336862636126e-142,30.593891,17.737707,5.997321482307173e-140
149,hallmark_ifna,Neutrophil,IFNb_MOM1000_2h,IFNb_RUX1000_2h,6.587262264223307,4.4801051811476164e-11,30.593891,27.870956,1.8816441760819988e-08
150,hallmark_ifna,Neutrophil,IFNb_MOM1000_2h,IFNb_BAR1000_2h,15.794388692518257,3.4007392139904267e-56,30.593891,24.28374,1.4283104698759792e-53
151,hallmark_ifna,Neutrophil,IFNb_MOM1000_2h,IFNb_BMS1000_2h,6.3683717957675094,1.910453632593696e-10,30.593891,27.825956,8.023905256893523e-08
152,hallmark_ifna,Neutrophil,IFNb_MOM1000_2h,IFNb_ABR1000_2h,-1.2710642289054543,0.20370579977942993,30.593891,31.357836,1.0
153,hallmark_ifna,Neutrophil,IFNb_Ctrl_2h,IFNb_DEU1000_2h,32.71091425935872,1.0925597879982391e-234,38.764145,17.737707,4.5887511095926044e-232
154,hallmark_ifna,Neutrophil,IFNb_Ctrl_2h,IFNb_RUX1000_2h,25.380216765495398,4.1706582482917845e-142,38.764145,27.870956,1.7516764642825497e-139
155,hallmark_ifna,Neutrophil,IFNb_Ctrl_2h,IFNb_BAR1000_2h,31.74907213783417,3.2702625753807854e-221,38.764145,24.28374,1.3735102816599298e-218
156,hallmark_ifna,Neutrophil,IFNb_Ctrl_2h,IFNb_BMS1000_2h,24.98620770732188,8.63431430850009e-138,38.764145,27.825956,3.626412009570038e-135
157,hallmark_ifna,Neutrophil,IFNb_Ctrl_2h,IFNb_ABR1000_2h,18.37147003795713,2.223082595757776e-75,38.764145,31.357836,9.33694690218266e-73
158,hallmark_ifna,Neutrophil,IFNb_DEU1000_2h,IFNb_RUX1000_2h,-26.092563126217964,4.427935969711239e-150,17.737707,27.870956,1.8597331072787204e-147
159,hallmark_ifna,Neutrophil,IFNb_DEU1000_2h,IFNb_BAR1000_2h,-20.955179741668754,1.6829249878295018e-97,17.737707,24.28374,7.068284948883908e-95
160,hallmark_ifna,Neutrophil,IFNb_DEU1000_2h,IFNb_BMS1000_2h,-25.72583164718969,6.009997438205284e-146,17.737707,27.825956,2.524198924046219e-143
161,hallmark_ifna,Neutrophil,IFNb_DEU1000_2h,IFNb_ABR1000_2h,-29.02290776388773,3.3824293480575786e-185,17.737707,31.357836,1.420620326184183e-182
162,hallmark_ifna,Neutrophil,IFNb_RUX1000_2h,IFNb_BAR1000_2h,11.716751614460492,1.0460661538937462e-31,27.870956,24.28374,4.393477846353734e-29
163,hallmark_ifna,Neutrophil,IFNb_RUX1000_2h,IFNb_BMS1000_2h,-0.12287610728798082,0.9022052058510601,27.870956,27.825956,1.0
164,hallmark_ifna,Neutrophil,IFNb_RUX1000_2h,IFNb_ABR1000_2h,-9.018379911328893,1.9089130934035324e-19,27.870956,31.357836,8.017434992294837e-17
165,hallmark_ifna,Neutrophil,IFNb_BAR1000_2h,IFNb_BMS1000_2h,-11.462125096502502,2.0443617292257577e-30,24.28374,27.825956,8.586319262748182e-28
166,hallmark_ifna,Neutrophil,IFNb_BAR1000_2h,IFNb_ABR1000_2h,-19.62441220766121,9.567721782944533e-86,24.28374,31.357836,4.018443148836704e-83
167,hallmark_ifna,Neutrophil,IFNb_BMS1000_2h,IFNb_ABR1000_2h,-8.665168636744356,4.508451523854734e-18,27.825956,31.357836,1.893549640018988e-15
168,hallmark_ifna,pDC,IFNb_MOM1000_2h,IFNb_Ctrl_2h,0.36546575406090287,0.714763765766584,33.55979,32.962807,1.0
169,hallmark_ifna,pDC,IFNb_MOM1000_2h,IFNb_DEU1000_2h,4.925278997756536,8.424007231091824e-07,33.55979,24.787481,0.0003538083037058566
170,hallmark_ifna,pDC,IFNb_MOM1000_2h,IFNb_RUX1000_2h,1.0335603095999029,0.30134176246306776,33.55979,31.913439,1.0
171,hallmark_ifna,pDC,IFNb_MOM1000_2h,IFNb_BAR1000_2h,2.905745077505173,0.003663798060533978,33.55979,28.47568,1.0
172,hallmark_ifna,pDC,IFNb_MOM1000_2h,IFNb_BMS1000_2h,1.0390866762676785,0.29876442692535055,33.55979,30.832842,1.0
173,hallmark_ifna,pDC,IFNb_MOM1000_2h,IFNb_ABR1000_2h,1.3730460934047573,0.16973801774387554,33.55979,31.492191,1.0
174,hallmark_ifna,pDC,IFNb_Ctrl_2h,IFNb_DEU1000_2h,4.320550604622739,1.5564035728611932e-05,32.962807,24.787481,0.006536895006017012
175,hallmark_ifna,pDC,IFNb_Ctrl_2h,IFNb_RUX1000_2h,0.5515528318445926,0.5812547604118179,32.962807,31.913439,1.0
176,hallmark_ifna,pDC,IFNb_Ctrl_2h,IFNb_BAR1000_2h,2.4326314254678847,0.014989550525400817,32.962807,28.47568,1.0
177,hallmark_ifna,pDC,IFNb_Ctrl_2h,IFNb_BMS1000_2h,0.8165515694169238,0.4141847415192481,32.962807,30.832842,1.0
178,hallmark_ifna,pDC,IFNb_Ctrl_2h,IFNb_ABR1000_2h,0.8634629012402222,0.3878830083602537,32.962807,31.492191,1.0
179,hallmark_ifna,pDC,IFNb_DEU1000_2h,IFNb_RUX1000_2h,-3.4570262224967725,0.000546171699403028,24.787481,31.913439,0.22939211374927176
180,hallmark_ifna,pDC,IFNb_DEU1000_2h,IFNb_BAR1000_2h,-2.3338245097061736,0.01960491286893709,24.787481,28.47568,1.0
181,hallmark_ifna,pDC,IFNb_DEU1000_2h,IFNb_BMS1000_2h,-2.4484320068096443,0.014347950763160828,24.787481,30.832842,1.0
182,hallmark_ifna,pDC,IFNb_DEU1000_2h,IFNb_ABR1000_2h,-3.4610387539289915,0.000538095343837794,24.787481,31.492191,0.2260000444118735
183,hallmark_ifna,pDC,IFNb_RUX1000_2h,IFNb_BAR1000_2h,1.5056191048498584,0.13216498119998674,31.913439,28.47568,1.0
184,hallmark_ifna,pDC,IFNb_RUX1000_2h,IFNb_BMS1000_2h,0.42599897728156577,0.6701085912376608,31.913439,30.832842,1.0
185,hallmark_ifna,pDC,IFNb_RUX1000_2h,IFNb_ABR1000_2h,0.30806632821404095,0.7580318622029509,31.913439,31.492191,1.0
186,hallmark_ifna,pDC,IFNb_BAR1000_2h,IFNb_BMS1000_2h,-0.9351780086409106,0.34969656983572195,28.47568,30.832842,1.0
187,hallmark_ifna,pDC,IFNb_BAR1000_2h,IFNb_ABR1000_2h,-1.5013681582089402,0.1332603649336475,28.47568,31.492191,1.0
188,hallmark_ifna,pDC,IFNb_BMS1000_2h,IFNb_ABR1000_2h,-0.20296592932779567,0.8391616623760623,30.832842,31.492191,1.0
189,hallmark_ifna,Plasmablast,IFNb_MOM1000_2h,IFNb_Ctrl_2h,0.7041787902195303,0.4813214378078352,34.23047,30.6917,1.0
190,hallmark_ifna,Plasmablast,IFNb_MOM1000_2h,IFNb_DEU1000_2h,2.811740093419229,0.004927430103394074,34.23047,22.814766,1.0
191,hallmark_ifna,Plasmablast,IFNb_MOM1000_2h,IFNb_RUX1000_2h,0.8535639569308374,0.39334663634854683,34.23047,30.985876,1.0
192,hallmark_ifna,Plasmablast,IFNb_MOM1000_2h,IFNb_BAR1000_2h,2.727636339397171,0.006378989024270515,34.23047,22.938595,1.0
193,hallmark_ifna,Plasmablast,IFNb_MOM1000_2h,IFNb_BMS1000_2h,2.857738033247041,0.004266724822176128,34.23047,18.573997,1.0
194,hallmark_ifna,Plasmablast,IFNb_MOM1000_2h,IFNb_ABR1000_2h,1.243932643294094,0.2135243540361822,34.23047,28.915127,1.0
195,hallmark_ifna,Plasmablast,IFNb_Ctrl_2h,IFNb_DEU1000_2h,2.6577814664560386,0.007865687855852852,30.6917,22.814766,1.0
196,hallmark_ifna,Plasmablast,IFNb_Ctrl_2h,IFNb_RUX1000_2h,0.02352018996863751,0.9812353336729821,30.6917,30.985876,1.0
197,hallmark_ifna,Plasmablast,IFNb_Ctrl_2h,IFNb_BAR1000_2h,2.6010268951110267,0.009294516690716534,30.6917,22.938595,1.0
198,hallmark_ifna,Plasmablast,IFNb_Ctrl_2h,IFNb_BMS1000_2h,2.7730406938511902,0.0055535175539734435,30.6917,18.573997,1.0
199,hallmark_ifna,Plasmablast,IFNb_Ctrl_2h,IFNb_ABR1000_2h,0.24771684715343112,0.8043534959231337,30.6917,28.915127,1.0
200,hallmark_ifna,Plasmablast,IFNb_DEU1000_2h,IFNb_RUX1000_2h,-1.8427289612734068,0.06536859332115948,22.814766,30.985876,1.0
201,hallmark_ifna,Plasmablast,IFNb_DEU1000_2h,IFNb_BAR1000_2h,0.15238049166965587,0.8788868427825751,22.814766,22.938595,1.0
202,hallmark_ifna,Plasmablast,IFNb_DEU1000_2h,IFNb_BMS1000_2h,1.4821621529998126,0.13829715426597797,22.814766,18.573997,1.0
203,hallmark_ifna,Plasmablast,IFNb_DEU1000_2h,IFNb_ABR1000_2h,-2.0389310481241205,0.04145690967579192,22.814766,28.915127,1.0
204,hallmark_ifna,Plasmablast,IFNb_RUX1000_2h,IFNb_BAR1000_2h,1.8895180967037328,0.05882244023604775,30.985876,22.938595,1.0
205,hallmark_ifna,Plasmablast,IFNb_RUX1000_2h,IFNb_BMS1000_2h,2.4523046531451445,0.014194442766961288,30.985876,18.573997,1.0
206,hallmark_ifna,Plasmablast,IFNb_RUX1000_2h,IFNb_ABR1000_2h,0.4660413824283704,0.6411858797379664,30.985876,28.915127,1.0
207,hallmark_ifna,Plasmablast,IFNb_BAR1000_2h,IFNb_BMS1000_2h,1.5556349186104046,0.11979493042591827,22.938595,18.573997,1.0
208,hallmark_ifna,Plasmablast,IFNb_BAR1000_2h,IFNb_ABR1000_2h,-1.7290619342330664,0.08379801102304953,22.938595,28.915127,1.0
209,hallmark_ifna,Plasmablast,IFNb_BMS1000_2h,IFNb_ABR1000_2h,-2.2131760318935654,0.026885511853408074,18.573997,28.915127,1.0
210,hallmark_ifnb,B,IFNb_MOM1000_2h,IFNb_Ctrl_2h,-2.5951665555634307,0.009454509104889732,8.111334,8.858472,1.0
211,hallmark_ifnb,B,IFNb_MOM1000_2h,IFNb_DEU1000_2h,8.997951263176873,2.299688608848001e-19,8.111334,5.2595997,9.658692157161603e-17
212,hallmark_ifnb,B,IFNb_MOM1000_2h,IFNb_RUX1000_2h,0.9477793604977167,0.34324178986376064,8.111334,7.881655,1.0
213,hallmark_ifnb,B,IFNb_MOM1000_2h,IFNb_BAR1000_2h,3.268361837252806,0.00108171976412595,8.111334,7.082022,0.45432230093289905
214,hallmark_ifnb,B,IFNb_MOM1000_2h,IFNb_BMS1000_2h,0.6953787041823887,0.48681800280737586,8.111334,7.891213,1.0
215,hallmark_ifnb,B,IFNb_MOM1000_2h,IFNb_ABR1000_2h,1.9011438713674924,0.05728317056651427,8.111334,7.4519663,1.0
216,hallmark_ifnb,B,IFNb_Ctrl_2h,IFNb_DEU1000_2h,12.14649226955351,5.987999567146633e-34,8.858472,5.2595997,2.514959818201586e-31
217,hallmark_ifnb,B,IFNb_Ctrl_2h,IFNb_RUX1000_2h,3.019094671849993,0.002535312922047455,8.858472,7.881655,1.0
218,hallmark_ifnb,B,IFNb_Ctrl_2h,IFNb_BAR1000_2h,6.060457788925076,1.3573467005062387e-09,8.858472,7.082022,5.700856142126203e-07
219,hallmark_ifnb,B,IFNb_Ctrl_2h,IFNb_BMS1000_2h,2.17038135609503,0.02997796799390026,8.858472,7.891213,1.0
220,hallmark_ifnb,B,IFNb_Ctrl_2h,IFNb_ABR1000_2h,4.18974018024963,2.792740421657421e-05,8.858472,7.4519663,0.011729509770961167
221,hallmark_ifnb,B,IFNb_DEU1000_2h,IFNb_RUX1000_2h,-6.541819010275469,6.077502791323928e-11,5.2595997,7.881655,2.5525511723560497e-08
222,hallmark_ifnb,B,IFNb_DEU1000_2h,IFNb_BAR1000_2h,-6.2396516359587055,4.3854645157697797e-10,5.2595997,7.082022,1.8418950966233075e-07
223,hallmark_ifnb,B,IFNb_DEU1000_2h,IFNb_BMS1000_2h,-5.100420794454436,3.388991809334016e-07,5.2595997,7.891213,0.00014233765599202869
224,hallmark_ifnb,B,IFNb_DEU1000_2h,IFNb_ABR1000_2h,-6.409802658546161,1.457081165686574e-10,5.2595997,7.4519663,6.119740895883611e-08
225,hallmark_ifnb,B,IFNb_RUX1000_2h,IFNb_BAR1000_2h,1.5740993305838336,0.11546448731651018,7.881655,7.082022,1.0
226,hallmark_ifnb,B,IFNb_RUX1000_2h,IFNb_BMS1000_2h,-0.020345081117730437,0.9837680936870071,7.881655,7.891213,1.0
227,hallmark_ifnb,B,IFNb_RUX1000_2h,IFNb_ABR1000_2h,0.5920314274082233,0.553829543715564,7.881655,7.4519663,1.0
228,hallmark_ifnb,B,IFNb_BAR1000_2h,IFNb_BMS1000_2h,-1.1888728701241174,0.2344896974362417,7.082022,7.891213,1.0
229,hallmark_ifnb,B,IFNb_BAR1000_2h,IFNb_ABR1000_2h,-0.9357951998606806,0.3493786434239471,7.082022,7.4519663,1.0
230,hallmark_ifnb,B,IFNb_BMS1000_2h,IFNb_ABR1000_2h,0.4644369948693473,0.642334690069488,7.891213,7.4519663,1.0
231,hallmark_ifnb,CD4T,IFNb_MOM1000_2h,IFNb_Ctrl_2h,-4.082619962179574,4.453081208919408e-05,9.636508,10.161163,0.018702941077461514
232,hallmark_ifnb,CD4T,IFNb_MOM1000_2h,IFNb_DEU1000_2h,24.06724298441611,5.509298916664031e-128,9.636508,5.5317893,2.313905544998893e-125
233,hallmark_ifnb,CD4T,IFNb_MOM1000_2h,IFNb_RUX1000_2h,0.8309266047263596,0.4060150930510178,9.636508,9.366717,1.0
234,hallmark_ifnb,CD4T,IFNb_MOM1000_2h,IFNb_BAR1000_2h,12.112695476562935,9.047137668414264e-34,9.636508,7.564953,3.799797820733991e-31
235,hallmark_ifnb,CD4T,IFNb_MOM1000_2h,IFNb_BMS1000_2h,3.1145407139397427,0.0018423152919759412,9.636508,8.594272,0.7737724226298953
236,hallmark_ifnb,CD4T,IFNb_MOM1000_2h,IFNb_ABR1000_2h,4.687577615725177,2.764578656063464e-06,9.636508,8.829193,0.001161123035546655
237,hallmark_ifnb,CD4T,IFNb_Ctrl_2h,IFNb_DEU1000_2h,29.5326514417955,1.096991080622735e-191,10.161163,5.5317893,4.607362538615487e-189
238,hallmark_ifnb,CD4T,IFNb_Ctrl_2h,IFNb_RUX1000_2h,3.7083882423508374,0.0002085826816265137,10.161163,9.366717,0.08760472628313576
239,hallmark_ifnb,CD4T,IFNb_Ctrl_2h,IFNb_BAR1000_2h,16.948268054428663,1.9820711953461113e-64,10.161163,7.564953,8.324699020453668e-62
240,hallmark_ifnb,CD4T,IFNb_Ctrl_2h,IFNb_BMS1000_2h,5.171164252497205,2.3263996309814544e-07,10.161163,8.594272,9.770878450122109e-05
241,hallmark_ifnb,CD4T,IFNb_Ctrl_2h,IFNb_ABR1000_2h,8.872127158713514,7.176177178560982e-19,10.161163,8.829193,3.0139944149956125e-16
242,hallmark_ifnb,CD4T,IFNb_DEU1000_2h,IFNb_RUX1000_2h,-17.587283904751413,3.0830491851148817e-69,5.5317893,9.366717,1.2948806577482503e-66
243,hallmark_ifnb,CD4T,IFNb_DEU1000_2h,IFNb_BAR1000_2h,-12.306052310019027,8.403399019644841e-35,5.5317893,7.564953,3.5294275882508334e-32
244,hallmark_ifnb,CD4T,IFNb_DEU1000_2h,IFNb_BMS1000_2h,-10.655295077355158,1.6472145178923532e-26,5.5317893,8.594272,6.918300975147884e-24
245,hallmark_ifnb,CD4T,IFNb_DEU1000_2h,IFNb_ABR1000_2h,-18.855924603628853,2.6270575798162426e-79,5.5317893,8.829193,1.103364183522822e-76
246,hallmark_ifnb,CD4T,IFNb_RUX1000_2h,IFNb_BAR1000_2h,8.358928000320079,6.329072078842097e-17,9.366717,7.564953,2.658210273113681e-14
247,hallmark_ifnb,CD4T,IFNb_RUX1000_2h,IFNb_BMS1000_2h,2.2295336826229253,0.025778416781994162,9.366717,8.594272,1.0
248,hallmark_ifnb,CD4T,IFNb_RUX1000_2h,IFNb_ABR1000_2h,2.702687803176824,0.00687813160524427,9.366717,8.829193,1.0
249,hallmark_ifnb,CD4T,IFNb_BAR1000_2h,IFNb_BMS1000_2h,-3.654893873314451,0.0002572883857359526,7.564953,8.594272,0.10806112200910009
250,hallmark_ifnb,CD4T,IFNb_BAR1000_2h,IFNb_ABR1000_2h,-7.080533054212575,1.436010062380786e-12,7.564953,8.829193,6.031242261999301e-10
251,hallmark_ifnb,CD4T,IFNb_BMS1000_2h,IFNb_ABR1000_2h,-0.5206986239072597,0.6025767331681102,8.594272,8.829193,1.0
252,hallmark_ifnb,CD8T,IFNb_MOM1000_2h,IFNb_Ctrl_2h,-3.311616760645633,0.0009275852232589204,8.585511,9.324191,0.3895857937687466
253,hallmark_ifnb,CD8T,IFNb_MOM1000_2h,IFNb_DEU1000_2h,16.194830434621252,5.484870586327545e-59,8.585511,4.8195605,2.3036456462575687e-56
254,hallmark_ifnb,CD8T,IFNb_MOM1000_2h,IFNb_RUX1000_2h,-0.35183221112029306,0.7249641001390184,8.585511,8.760093,1.0
255,hallmark_ifnb,CD8T,IFNb_MOM1000_2h,IFNb_BAR1000_2h,7.8867761862583805,3.1009282243709556e-15,8.585511,6.641456,1.3023898542358013e-12
256,hallmark_ifnb,CD8T,IFNb_MOM1000_2h,IFNb_BMS1000_2h,2.9848390622560856,0.002837275590996196,8.585511,7.076066,1.0
257,hallmark_ifnb,CD8T,IFNb_MOM1000_2h,IFNb_ABR1000_2h,2.736711683930993,0.0062056654808264064,8.585511,7.992635,1.0
258,hallmark_ifnb,CD8T,IFNb_Ctrl_2h,IFNb_DEU1000_2h,20.68271389037111,4.9572100876326575e-95,9.324191,4.8195605,2.082028236805716e-92
259,hallmark_ifnb,CD8T,IFNb_Ctrl_2h,IFNb_RUX1000_2h,2.039309431909078,0.04141915490016982,9.324191,8.760093,1.0
260,hallmark_ifnb,CD8T,IFNb_Ctrl_2h,IFNb_BAR1000_2h,11.673341548828418,1.7443444160794172e-31,9.324191,6.641456,7.326246547533552e-29
261,hallmark_ifnb,CD8T,IFNb_Ctrl_2h,IFNb_BMS1000_2h,4.4337253082127015,9.261861926016911e-06,9.324191,7.076066,0.0038899820089271027
262,hallmark_ifnb,CD8T,IFNb_Ctrl_2h,IFNb_ABR1000_2h,6.1747352574753585,6.627442874243947e-10,9.324191,7.992635,2.783526007182458e-07
263,hallmark_ifnb,CD8T,IFNb_DEU1000_2h,IFNb_RUX1000_2h,-12.469651795877045,1.0930262040895906e-35,4.8195605,8.760093,4.5907100571762806e-33
264,hallmark_ifnb,CD8T,IFNb_DEU1000_2h,IFNb_BAR1000_2h,-8.772500753066783,1.7474134887504987e-18,4.8195605,6.641456,7.339136652752095e-16
265,hallmark_ifnb,CD8T,IFNb_DEU1000_2h,IFNb_BMS1000_2h,-5.3864867382810875,7.184822793257769e-08,4.8195605,7.076066,3.017625573168263e-05
266,hallmark_ifnb,CD8T,IFNb_DEU1000_2h,IFNb_ABR1000_2h,-13.088695888855067,3.821121178773103e-39,4.8195605,7.992635,1.604870895084703e-36
267,hallmark_ifnb,CD8T,IFNb_RUX1000_2h,IFNb_BAR1000_2h,6.3026545290817255,2.92590580570668e-10,8.760093,6.641456,1.2288804383968055e-07
268,hallmark_ifnb,CD8T,IFNb_RUX1000_2h,IFNb_BMS1000_2h,2.848120830760005,0.004397822370209212,8.760093,7.076066,1.0
269,hallmark_ifnb,CD8T,IFNb_RUX1000_2h,IFNb_ABR1000_2h,2.4094564004678,0.015976304841199326,8.760093,7.992635,1.0
270,hallmark_ifnb,CD8T,IFNb_BAR1000_2h,IFNb_BMS1000_2h,-1.0142206093706203,0.3104774966199859,6.641456,7.076066,1.0
271,hallmark_ifnb,CD8T,IFNb_BAR1000_2h,IFNb_ABR1000_2h,-4.852313762247365,1.2202935925616633e-06,6.641456,7.992635,0.0005125233088758986
272,hallmark_ifnb,CD8T,IFNb_BMS1000_2h,IFNb_ABR1000_2h,-1.4281284738372717,0.15325488321845154,7.076066,7.992635,1.0
273,hallmark_ifnb,Monocyte,IFNb_MOM1000_2h,IFNb_Ctrl_2h,0.2016012165619165,0.8402284940778053,9.423171,9.376615,1.0
274,hallmark_ifnb,Monocyte,IFNb_MOM1000_2h,IFNb_DEU1000_2h,1.9996391919611105,0.04553923870573692,9.423171,9.019725,1.0
275,hallmark_ifnb,Monocyte,IFNb_MOM1000_2h,IFNb_RUX1000_2h,1.1246649136726647,0.26073105497236226,9.423171,9.2969265,1.0
276,hallmark_ifnb,Monocyte,IFNb_MOM1000_2h,IFNb_BAR1000_2h,4.734382779038424,2.1972271310348645e-06,9.423171,8.552406,0.0009228353950346431
277,hallmark_ifnb,Monocyte,IFNb_MOM1000_2h,IFNb_BMS1000_2h,0.9662651228578368,0.33391153344460633,9.423171,9.232867,1.0
278,hallmark_ifnb,Monocyte,IFNb_MOM1000_2h,IFNb_ABR1000_2h,-1.4980426909449631,0.13412215915204423,9.423171,9.765002,1.0
279,hallmark_ifnb,Monocyte,IFNb_Ctrl_2h,IFNb_DEU1000_2h,1.9523622695050518,0.050895209282889875,9.376615,9.019725,1.0
280,hallmark_ifnb,Monocyte,IFNb_Ctrl_2h,IFNb_RUX1000_2h,1.0479191364990312,0.29467586469143414,9.376615,9.2969265,1.0
281,hallmark_ifnb,Monocyte,IFNb_Ctrl_2h,IFNb_BAR1000_2h,5.0175279249667195,5.234059562765466e-07,9.376615,8.552406,0.00021983050163614954
282,hallmark_ifnb,Monocyte,IFNb_Ctrl_2h,IFNb_BMS1000_2h,0.9059365726615639,0.364969425177772,9.376615,9.232867,1.0
283,hallmark_ifnb,Monocyte,IFNb_Ctrl_2h,IFNb_ABR1000_2h,-1.8796618566045147,0.060154177166478084,9.376615,9.765002,1.0
284,hallmark_ifnb,Monocyte,IFNb_DEU1000_2h,IFNb_RUX1000_2h,-0.9226541341108226,0.35618747507055737,9.019725,9.2969265,1.0
285,hallmark_ifnb,Monocyte,IFNb_DEU1000_2h,IFNb_BAR1000_2h,2.1952534071899787,0.028145425128545738,9.019725,8.552406,1.0
286,hallmark_ifnb,Monocyte,IFNb_DEU1000_2h,IFNb_BMS1000_2h,-0.6105244137077733,0.5415144761022196,9.019725,9.232867,1.0
287,hallmark_ifnb,Monocyte,IFNb_DEU1000_2h,IFNb_ABR1000_2h,-3.367110303545838,0.0007596029922444163,9.019725,9.765002,0.3190332567426548
288,hallmark_ifnb,Monocyte,IFNb_RUX1000_2h,IFNb_BAR1000_2h,3.3283768112190066,0.0008735362791521144,9.2969265,8.552406,0.36688523724388805
289,hallmark_ifnb,Monocyte,IFNb_RUX1000_2h,IFNb_BMS1000_2h,0.10797187738237439,0.9140180003657776,9.2969265,9.232867,1.0
290,hallmark_ifnb,Monocyte,IFNb_RUX1000_2h,IFNb_ABR1000_2h,-2.5567076574452257,0.010566798046598904,9.2969265,9.765002,1.0
291,hallmark_ifnb,Monocyte,IFNb_BAR1000_2h,IFNb_BMS1000_2h,-2.4522093294265654,0.014198203843149059,8.552406,9.232867,1.0
292,hallmark_ifnb,Monocyte,IFNb_BAR1000_2h,IFNb_ABR1000_2h,-6.435867887152372,1.2276978481569382e-10,8.552406,9.765002,5.1563309622591404e-08
293,hallmark_ifnb,Monocyte,IFNb_BMS1000_2h,IFNb_ABR1000_2h,-2.101026621134149,0.03563862944193282,9.232867,9.765002,1.0
294,hallmark_ifnb,DC,IFNb_MOM1000_2h,IFNb_Ctrl_2h,-1.773480808245522,0.07614906926375363,7.734368,8.477854,1.0
295,hallmark_ifnb,DC,IFNb_MOM1000_2h,IFNb_DEU1000_2h,0.7365391514107098,0.46140265021523874,7.734368,7.137404,1.0
296,hallmark_ifnb,DC,IFNb_MOM1000_2h,IFNb_RUX1000_2h,-1.7731312643035835,0.07620695846098796,7.734368,9.407026,1.0
297,hallmark_ifnb,DC,IFNb_MOM1000_2h,IFNb_BAR1000_2h,0.0,1.0,7.734368,7.772178,1.0
298,hallmark_ifnb,DC,IFNb_MOM1000_2h,IFNb_BMS1000_2h,-2.119062988680167,0.034085144060183446,7.734368,9.18247,1.0
299,hallmark_ifnb,DC,IFNb_MOM1000_2h,IFNb_ABR1000_2h,-0.8882583458086336,0.3744018003656029,7.734368,8.011548,1.0
300,hallmark_ifnb,DC,IFNb_Ctrl_2h,IFNb_DEU1000_2h,1.9985212721284455,0.04566017608216322,8.477854,7.137404,1.0
301,hallmark_ifnb,DC,IFNb_Ctrl_2h,IFNb_RUX1000_2h,-0.4848903423123589,0.6277541334471541,8.477854,9.407026,1.0
302,hallmark_ifnb,DC,IFNb_Ctrl_2h,IFNb_BAR1000_2h,1.7114011349714142,0.0870070878231675,8.477854,7.772178,1.0
303,hallmark_ifnb,DC,IFNb_Ctrl_2h,IFNb_BMS1000_2h,-0.9663758859476869,0.3338561259656737,8.477854,9.18247,1.0
304,hallmark_ifnb,DC,IFNb_Ctrl_2h,IFNb_ABR1000_2h,1.1309919792566423,0.25805846733794535,8.477854,8.011548,1.0
305,hallmark_ifnb,DC,IFNb_DEU1000_2h,IFNb_RUX1000_2h,-2.2283212278321693,0.02585910176116335,7.137404,9.407026,1.0
306,hallmark_ifnb,DC,IFNb_DEU1000_2h,IFNb_BAR1000_2h,-0.7024614302753691,0.4823914469494096,7.137404,7.772178,1.0
307,hallmark_ifnb,DC,IFNb_DEU1000_2h,IFNb_BMS1000_2h,-2.034564693753361,0.04189469291632464,7.137404,9.18247,1.0
308,hallmark_ifnb,DC,IFNb_DEU1000_2h,IFNb_ABR1000_2h,-1.2330409089558223,0.2175605018382657,7.137404,8.011548,1.0
309,hallmark_ifnb,DC,IFNb_RUX1000_2h,IFNb_BAR1000_2h,1.7566431754461185,0.07897864885782434,9.407026,7.772178,1.0
310,hallmark_ifnb,DC,IFNb_RUX1000_2h,IFNb_BMS1000_2h,-0.4626890540881642,0.6435872652884003,9.407026,9.18247,1.0
311,hallmark_ifnb,DC,IFNb_RUX1000_2h,IFNb_ABR1000_2h,1.1850633603931708,0.2359923963130527,9.407026,8.011548,1.0
312,hallmark_ifnb,DC,IFNb_BAR1000_2h,IFNb_BMS1000_2h,-2.0892259008697134,0.03668739294990177,7.772178,9.18247,1.0
313,hallmark_ifnb,DC,IFNb_BAR1000_2h,IFNb_ABR1000_2h,-0.8866834614604778,0.3752493449474561,7.772178,8.011548,1.0
314,hallmark_ifnb,DC,IFNb_BMS1000_2h,IFNb_ABR1000_2h,1.8628401336301064,0.06248476164059239,9.18247,8.011548,1.0
315,hallmark_ifnb,Eosinophil,IFNb_MOM1000_2h,IFNb_Ctrl_2h,-2.1334338475231363,0.03288915292718413,8.05682,9.795041,1.0
316,hallmark_ifnb,Eosinophil,IFNb_MOM1000_2h,IFNb_DEU1000_2h,2.004704234130079,0.04499467560593977,8.05682,6.347937,1.0
317,hallmark_ifnb,Eosinophil,IFNb_MOM1000_2h,IFNb_RUX1000_2h,-0.21415319679029246,0.8304275928830299,8.05682,8.362092,1.0
318,hallmark_ifnb,Eosinophil,IFNb_MOM1000_2h,IFNb_BAR1000_2h,1.467573418650813,0.14222013276795564,8.05682,6.582158,1.0
319,hallmark_ifnb,Eosinophil,IFNb_MOM1000_2h,IFNb_BMS1000_2h,-1.274053086651272,0.20264460290414188,8.05682,10.033578,1.0
320,hallmark_ifnb,Eosinophil,IFNb_MOM1000_2h,IFNb_ABR1000_2h,-1.5498989541740722,0.12116577072061491,8.05682,9.128405,1.0
321,hallmark_ifnb,Eosinophil,IFNb_Ctrl_2h,IFNb_DEU1000_2h,3.741544747860709,0.00018289260368491758,9.795041,6.347937,0.07681489354766538
322,hallmark_ifnb,Eosinophil,IFNb_Ctrl_2h,IFNb_RUX1000_2h,1.2421207861415586,0.2141920004177903,9.795041,8.362092,1.0
323,hallmark_ifnb,Eosinophil,IFNb_Ctrl_2h,IFNb_BAR1000_2h,4.188416460636306,2.8090767669120855e-05,9.795041,6.582158,0.011798122421030758
324,hallmark_ifnb,Eosinophil,IFNb_Ctrl_2h,IFNb_BMS1000_2h,-0.2544997129391506,0.799109525834228,9.795041,10.033578,1.0
325,hallmark_ifnb,Eosinophil,IFNb_Ctrl_2h,IFNb_ABR1000_2h,0.9390137943505893,0.347723662024336,9.795041,9.128405,1.0
326,hallmark_ifnb,Eosinophil,IFNb_DEU1000_2h,IFNb_RUX1000_2h,-1.7955960965129103,0.07255877715559718,6.347937,8.362092,1.0
327,hallmark_ifnb,Eosinophil,IFNb_DEU1000_2h,IFNb_BAR1000_2h,-0.9867967802605516,0.3237422734761607,6.347937,6.582158,1.0
328,hallmark_ifnb,Eosinophil,IFNb_DEU1000_2h,IFNb_BMS1000_2h,-2.2991296623071635,0.021497577599390163,6.347937,10.033578,1.0
329,hallmark_ifnb,Eosinophil,IFNb_DEU1000_2h,IFNb_ABR1000_2h,-3.3563923625820626,0.0007896645222844447,6.347937,9.128405,0.33165909935946675
330,hallmark_ifnb,Eosinophil,IFNb_RUX1000_2h,IFNb_BAR1000_2h,1.4516542364770062,0.14659776997887025,8.362092,6.582158,1.0
331,hallmark_ifnb,Eosinophil,IFNb_RUX1000_2h,IFNb_BMS1000_2h,-0.7702350498942265,0.4411604761717718,8.362092,10.033578,1.0
332,hallmark_ifnb,Eosinophil,IFNb_RUX1000_2h,IFNb_ABR1000_2h,-0.9238417648912487,0.3555687067568962,8.362092,9.128405,1.0
333,hallmark_ifnb,Eosinophil,IFNb_BAR1000_2h,IFNb_BMS1000_2h,-2.446989446838947,0.014405505690545056,6.582158,10.033578,1.0
334,hallmark_ifnb,Eosinophil,IFNb_BAR1000_2h,IFNb_ABR1000_2h,-3.398121352682478,0.0006785031568481686,6.582158,9.128405,0.2849713258762308
335,hallmark_ifnb,Eosinophil,IFNb_BMS1000_2h,IFNb_ABR1000_2h,0.7885627860183377,0.4303675885428271,10.033578,9.128405,1.0
336,hallmark_ifnb,NK,IFNb_MOM1000_2h,IFNb_Ctrl_2h,-4.0762117965887805,4.577532819155483e-05,8.739775,10.071023,0.01922563784045303
337,hallmark_ifnb,NK,IFNb_MOM1000_2h,IFNb_DEU1000_2h,9.49823424027553,2.1347936070147643e-21,8.739775,5.4290853,8.966133149462011e-19
338,hallmark_ifnb,NK,IFNb_MOM1000_2h,IFNb_RUX1000_2h,-1.5579060877453972,0.11925551189281289,8.739775,9.584798,1.0
339,hallmark_ifnb,NK,IFNb_MOM1000_2h,IFNb_BAR1000_2h,3.4546963886974655,0.0005509128253726533,8.739775,7.5788274,0.2313833866565144
340,hallmark_ifnb,NK,IFNb_MOM1000_2h,IFNb_BMS1000_2h,2.426109597732364,0.015261660617973146,8.739775,6.978028,1.0
341,hallmark_ifnb,NK,IFNb_MOM1000_2h,IFNb_ABR1000_2h,0.4019411707048192,0.6877273221953984,8.739775,8.651986,1.0
342,hallmark_ifnb,NK,IFNb_Ctrl_2h,IFNb_DEU1000_2h,12.725594379230419,4.26219000520694e-37,10.071023,5.4290853,1.7901198021869149e-34
343,hallmark_ifnb,NK,IFNb_Ctrl_2h,IFNb_RUX1000_2h,0.9348258460512133,0.34987805743287725,10.071023,9.584798,1.0
344,hallmark_ifnb,NK,IFNb_Ctrl_2h,IFNb_BAR1000_2h,7.093448887490778,1.3081028207511442e-12,10.071023,7.5788274,5.494031847154806e-10
345,hallmark_ifnb,NK,IFNb_Ctrl_2h,IFNb_BMS1000_2h,3.817003259416916,0.00013508238631465276,10.071023,6.978028,0.05673460225215416
346,hallmark_ifnb,NK,IFNb_Ctrl_2h,IFNb_ABR1000_2h,3.8153777347880764,0.00013597477015624436,10.071023,8.651986,0.05710940346562263
347,hallmark_ifnb,NK,IFNb_DEU1000_2h,IFNb_RUX1000_2h,-7.926736550007735,2.2497987264265617e-15,5.4290853,9.584798,9.44915465099156e-13
348,hallmark_ifnb,NK,IFNb_DEU1000_2h,IFNb_BAR1000_2h,-5.648655088492383,1.6170792808116088e-08,5.4290853,7.5788274,6.791732979408757e-06
349,hallmark_ifnb,NK,IFNb_DEU1000_2h,IFNb_BMS1000_2h,-2.4801745094141965,0.013131809580044628,5.4290853,6.978028,1.0
350,hallmark_ifnb,NK,IFNb_DEU1000_2h,IFNb_ABR1000_2h,-7.926319343307829,2.2573664276296865e-15,5.4290853,8.651986,9.480938996044684e-13
351,hallmark_ifnb,NK,IFNb_RUX1000_2h,IFNb_BAR1000_2h,3.7670168188161495,0.0001652098748651005,9.584798,7.5788274,0.06938814744334222
352,hallmark_ifnb,NK,IFNb_RUX1000_2h,IFNb_BMS1000_2h,2.9945546919878168,0.0027484577678908006,9.584798,6.978028,1.0
353,hallmark_ifnb,NK,IFNb_RUX1000_2h,IFNb_ABR1000_2h,1.751281899370376,0.07989736403034732,9.584798,8.651986,1.0
354,hallmark_ifnb,NK,IFNb_BAR1000_2h,IFNb_BMS1000_2h,0.7759678696536542,0.4377679572943288,7.5788274,6.978028,1.0
355,hallmark_ifnb,NK,IFNb_BAR1000_2h,IFNb_ABR1000_2h,-2.633000811928272,0.008463414503039396,7.5788274,8.651986,1.0
356,hallmark_ifnb,NK,IFNb_BMS1000_2h,IFNb_ABR1000_2h,-2.1442832055666594,0.03201020164510759,6.978028,8.651986,1.0
357,hallmark_ifnb,Neutrophil,IFNb_MOM1000_2h,IFNb_Ctrl_2h,-11.195630920729547,4.283420692391904e-29,6.8513007,8.754279,1.7990366908045998e-26
358,hallmark_ifnb,Neutrophil,IFNb_MOM1000_2h,IFNb_DEU1000_2h,14.096856908655209,3.970643770319539e-45,6.8513007,4.4523854,1.6676703835342063e-42
359,hallmark_ifnb,Neutrophil,IFNb_MOM1000_2h,IFNb_RUX1000_2h,0.2523003601029765,0.8008089098151149,6.8513007,6.755326,1.0
360,hallmark_ifnb,Neutrophil,IFNb_MOM1000_2h,IFNb_BAR1000_2h,7.48124755198367,7.362034982366853e-14,6.8513007,5.658075,3.092054692594078e-11
361,hallmark_ifnb,Neutrophil,IFNb_MOM1000_2h,IFNb_BMS1000_2h,2.05163972918132,0.04020468812322418,6.8513007,6.4281297,1.0
362,hallmark_ifnb,Neutrophil,IFNb_MOM1000_2h,IFNb_ABR1000_2h,-2.587138341245957,0.00967767287405798,6.8513007,7.2878118,1.0
363,hallmark_ifnb,Neutrophil,IFNb_Ctrl_2h,IFNb_DEU1000_2h,25.860607721593258,1.8487150823185844e-147,8.754279,4.4523854,7.764603345738055e-145
364,hallmark_ifnb,Neutrophil,IFNb_Ctrl_2h,IFNb_RUX1000_2h,13.640610914940824,2.2962881794298004e-42,8.754279,6.755326,9.644410353605161e-40
365,hallmark_ifnb,Neutrophil,IFNb_Ctrl_2h,IFNb_BAR1000_2h,21.887958898938262,3.3832707527910443e-106,8.754279,5.658075,1.4209737161722386e-103
366,hallmark_ifnb,Neutrophil,IFNb_Ctrl_2h,IFNb_BMS1000_2h,15.754569812931557,6.389265278542848e-56,8.754279,6.4281297,2.683491416987996e-53
367,hallmark_ifnb,Neutrophil,IFNb_Ctrl_2h,IFNb_ABR1000_2h,9.807742748875752,1.042749532712482e-22,8.754279,7.2878118,4.3795480373924246e-20
368,hallmark_ifnb,Neutrophil,IFNb_DEU1000_2h,IFNb_RUX1000_2h,-16.502159461021144,3.540031465377837e-61,4.4523854,6.755326,1.4868132154586913e-58
369,hallmark_ifnb,Neutrophil,IFNb_DEU1000_2h,IFNb_BAR1000_2h,-10.040596356134511,1.0106130339884287e-23,4.4523854,5.658075,4.2445747427514005e-21
370,hallmark_ifnb,Neutrophil,IFNb_DEU1000_2h,IFNb_BMS1000_2h,-15.133895692846888,9.679183995381596e-52,4.4523854,6.4281297,4.0652572780602704e-49
371,hallmark_ifnb,Neutrophil,IFNb_DEU1000_2h,IFNb_ABR1000_2h,-18.263086061099262,1.6282265756614107e-74,4.4523854,7.2878118,6.838551617777925e-72
372,hallmark_ifnb,Neutrophil,IFNb_RUX1000_2h,IFNb_BAR1000_2h,8.771160358758266,1.768343920959957e-18,6.755326,5.658075,7.427044468031819e-16
373,hallmark_ifnb,Neutrophil,IFNb_RUX1000_2h,IFNb_BMS1000_2h,2.1397960983337345,0.03237124867504728,6.755326,6.4281297,1.0
374,hallmark_ifnb,Neutrophil,IFNb_RUX1000_2h,IFNb_ABR1000_2h,-3.3623573645901437,0.0007728003931446639,6.755326,7.2878118,0.3245761651207588
375,hallmark_ifnb,Neutrophil,IFNb_BAR1000_2h,IFNb_BMS1000_2h,-6.7293803049152485,1.7038718259104986e-11,5.658075,6.4281297,7.156261668824094e-09
376,hallmark_ifnb,Neutrophil,IFNb_BAR1000_2h,IFNb_ABR1000_2h,-11.725743790699381,9.407110027788989e-32,5.658075,7.2878118,3.9509862116713756e-29
377,hallmark_ifnb,Neutrophil,IFNb_BMS1000_2h,IFNb_ABR1000_2h,-5.458888487345899,4.7912454889289844e-08,6.4281297,7.2878118,2.0123231053501734e-05
378,hallmark_ifnb,pDC,IFNb_MOM1000_2h,IFNb_Ctrl_2h,-0.1684568710124474,0.8662238706817547,6.937132,6.872307,1.0
379,hallmark_ifnb,pDC,IFNb_MOM1000_2h,IFNb_DEU1000_2h,1.3374026816985054,0.18109122957589907,6.937132,6.135234,1.0
380,hallmark_ifnb,pDC,IFNb_MOM1000_2h,IFNb_RUX1000_2h,0.10931887889998972,0.9129495731368416,6.937132,6.8462768,1.0
381,hallmark_ifnb,pDC,IFNb_MOM1000_2h,IFNb_BAR1000_2h,-0.19302695651279916,0.8469378568304889,6.937132,7.0334916,1.0
382,hallmark_ifnb,pDC,IFNb_MOM1000_2h,IFNb_BMS1000_2h,1.6992123294259684,0.08927918412323736,6.937132,5.344811,1.0
383,hallmark_ifnb,pDC,IFNb_MOM1000_2h,IFNb_ABR1000_2h,0.28551659418930697,0.7752483929448518,6.937132,6.97544,1.0
384,hallmark_ifnb,pDC,IFNb_Ctrl_2h,IFNb_DEU1000_2h,1.5475199343619799,0.12173792137812009,6.872307,6.135234,1.0
385,hallmark_ifnb,pDC,IFNb_Ctrl_2h,IFNb_RUX1000_2h,0.3406649843746013,0.7333558019145769,6.872307,6.8462768,1.0
386,hallmark_ifnb,pDC,IFNb_Ctrl_2h,IFNb_BAR1000_2h,-0.07423523129362089,0.9408232126608723,6.872307,7.0334916,1.0
387,hallmark_ifnb,pDC,IFNb_Ctrl_2h,IFNb_BMS1000_2h,1.8112598448884492,0.07010063837130175,6.872307,5.344811,1.0
388,hallmark_ifnb,pDC,IFNb_Ctrl_2h,IFNb_ABR1000_2h,0.2771609312622935,0.7816565372093944,6.872307,6.97544,1.0
389,hallmark_ifnb,pDC,IFNb_DEU1000_2h,IFNb_RUX1000_2h,-0.9082951062292476,0.36372232738071153,6.135234,6.8462768,1.0
390,hallmark_ifnb,pDC,IFNb_DEU1000_2h,IFNb_BAR1000_2h,-1.2805725394166994,0.2003438505145967,6.135234,7.0334916,1.0
391,hallmark_ifnb,pDC,IFNb_DEU1000_2h,IFNb_BMS1000_2h,0.741330802061809,0.4584928898800146,6.135234,5.344811,1.0
392,hallmark_ifnb,pDC,IFNb_DEU1000_2h,IFNb_ABR1000_2h,-1.0879562308891744,0.2766144303929394,6.135234,6.97544,1.0
393,hallmark_ifnb,pDC,IFNb_RUX1000_2h,IFNb_BAR1000_2h,-0.2683281572999748,0.788446734264471,6.8462768,7.0334916,1.0
394,hallmark_ifnb,pDC,IFNb_RUX1000_2h,IFNb_BMS1000_2h,1.2316926951836575,0.2180638995730263,6.8462768,5.344811,1.0
395,hallmark_ifnb,pDC,IFNb_RUX1000_2h,IFNb_ABR1000_2h,-0.06437206858203841,0.9486739699294191,6.8462768,6.97544,1.0
396,hallmark_ifnb,pDC,IFNb_BAR1000_2h,IFNb_BMS1000_2h,1.625865034630603,0.10397836975647831,7.0334916,5.344811,1.0
397,hallmark_ifnb,pDC,IFNb_BAR1000_2h,IFNb_ABR1000_2h,0.2726843877088887,0.785095836862783,7.0334916,6.97544,1.0
398,hallmark_ifnb,pDC,IFNb_BMS1000_2h,IFNb_ABR1000_2h,-1.432037390257225,0.15213312092877765,5.344811,6.97544,1.0
399,hallmark_ifnb,Plasmablast,IFNb_MOM1000_2h,IFNb_Ctrl_2h,-0.5633430321756243,0.5732013209481351,6.0540657,7.5391865,1.0
400,hallmark_ifnb,Plasmablast,IFNb_MOM1000_2h,IFNb_DEU1000_2h,0.2259434003640452,0.8212454418915747,6.0540657,6.576893,1.0
401,hallmark_ifnb,Plasmablast,IFNb_MOM1000_2h,IFNb_RUX1000_2h,0.6527253788294639,0.513933338114746,6.0540657,5.7988276,1.0
402,hallmark_ifnb,Plasmablast,IFNb_MOM1000_2h,IFNb_BAR1000_2h,0.15397947077242094,0.8776259224779746,6.0540657,6.1393805,1.0
403,hallmark_ifnb,Plasmablast,IFNb_MOM1000_2h,IFNb_BMS1000_2h,-0.6940220937885672,0.48766835345893045,6.0540657,6.881449,1.0
404,hallmark_ifnb,Plasmablast,IFNb_MOM1000_2h,IFNb_ABR1000_2h,-2.0436036282688685,0.0409927205597746,6.0540657,9.088099,1.0
405,hallmark_ifnb,Plasmablast,IFNb_Ctrl_2h,IFNb_DEU1000_2h,0.9643277887141379,0.33488161308072995,7.5391865,6.576893,1.0
406,hallmark_ifnb,Plasmablast,IFNb_Ctrl_2h,IFNb_RUX1000_2h,1.481771968024163,0.13840098026316194,7.5391865,5.7988276,1.0
407,hallmark_ifnb,Plasmablast,IFNb_Ctrl_2h,IFNb_BAR1000_2h,0.949581247421486,0.34232507070902973,7.5391865,6.1393805,1.0
408,hallmark_ifnb,Plasmablast,IFNb_Ctrl_2h,IFNb_BMS1000_2h,0.18993429409939658,0.8493606187801608,7.5391865,6.881449,1.0
409,hallmark_ifnb,Plasmablast,IFNb_Ctrl_2h,IFNb_ABR1000_2h,-1.0734396709982015,0.28307389315280884,7.5391865,9.088099,1.0
410,hallmark_ifnb,Plasmablast,IFNb_DEU1000_2h,IFNb_RUX1000_2h,1.2916324494907057,0.19648446092683847,6.576893,5.7988276,1.0
411,hallmark_ifnb,Plasmablast,IFNb_DEU1000_2h,IFNb_BAR1000_2h,0.44190342584200204,0.6585590914962616,6.576893,6.1393805,1.0
412,hallmark_ifnb,Plasmablast,IFNb_DEU1000_2h,IFNb_BMS1000_2h,-0.5389680556362955,0.5899088966159687,6.576893,6.881449,1.0
413,hallmark_ifnb,Plasmablast,IFNb_DEU1000_2h,IFNb_ABR1000_2h,-2.155441393731213,0.031127310111324805,6.576893,9.088099,1.0
414,hallmark_ifnb,Plasmablast,IFNb_RUX1000_2h,IFNb_BAR1000_2h,-0.4571414750089676,0.6475693610009017,5.7988276,6.1393805,1.0
415,hallmark_ifnb,Plasmablast,IFNb_RUX1000_2h,IFNb_BMS1000_2h,-1.0509877084907762,0.2932642351386825,5.7988276,6.881449,1.0
416,hallmark_ifnb,Plasmablast,IFNb_RUX1000_2h,IFNb_ABR1000_2h,-2.4467172577489444,0.014416388234217595,5.7988276,9.088099,1.0
417,hallmark_ifnb,Plasmablast,IFNb_BAR1000_2h,IFNb_BMS1000_2h,-0.49497474683058323,0.6206179464376897,6.1393805,6.881449,1.0
418,hallmark_ifnb,Plasmablast,IFNb_BAR1000_2h,IFNb_ABR1000_2h,-1.830771459776188,0.06713466191406173,6.1393805,9.088099,1.0
419,hallmark_ifnb,Plasmablast,IFNb_BMS1000_2h,IFNb_ABR1000_2h,-1.2509255832441892,0.2109616290358599,6.881449,9.088099,1.0
